life_insurer,year,claims_pending_start_no,claims_pending_start_amt,claims_intimated_no,claims_intimated_amt,total_claims_no,total_claims_amt,claims_paid_no,claims_paid_amt,claims_repudiated_no,claims_repudiated_amt,claims_rejected_no,claims_rejected_amt,claims_unclaimed_no,claims_unclaimed_amt,claims_pending_end_no,claims_pending_end_amt,claims_paid_ratio_no,claims_paid_ratio_amt,claims_repudiated_rejected_ratio_no,claims_repudiated_rejected_ratio_amt,claims_pending_ratio_no,claims_pending_ratio_amt,category
ABSL,2021-22,11,3.637907524,9997,876.6850449,10008,880.3229524,9815,846.4343139,186,32.98099328,0,0.0,0,0.0,7,0.907645314360117,0.980715427657873,0.961504311008545,0.0185851318944844,0.0374646522431374,0.0006994404476418,0.0010310367483173,Individual Death Claims
Aegon,2021-22,0,0.0,720,276.48,720,276.48,713,273.04,6,3.42,0,0.0,0,0.0,1,0.0199999999999977,0.990277777777777,0.98755787037037,0.0083333333333333,0.0123697916666666,0.0013888888888888,7.23379629629549E-05,Individual Death Claims
Ageas,2021-22,50,6.698501543,2644,128.0327579,2694,134.7312595,2614,122.629249,57,8.6695374,0,0.0,0,0.0,23,3.4324731,0.970304380103934,0.910176669107921,0.0211581291759465,0.0643468890199235,0.0085374907201187,0.0254764418721547,Individual Death Claims
Aviva,2021-22,0,1.06581410364015E-14,1672,270.9491353,1672,270.9491353,1645,266.6992005,27,4.2499348,0,0.0,0,0.0,0,5.32907051820075E-15,0.983851674641148,0.984314639737475,0.0161483253588516,0.0156853602625245,0.0,1.96681584250132E-17,Individual Death Claims
Baj Alz,2021-22,5,3.7,21045,822.2737755,21050,825.9737755,20844,771.8780359,195,44.72508038,0,0.0,0,0.0,11,9.370659226,0.99021377672209,0.934506710493541,0.0092636579572446,0.0541483055565425,0.000522565320665,0.0113449839499159,Individual Death Claims
Bharti Axa,2021-22,0,0.0,3203,243.588059,3203,243.588059,3174,234.7198949,27,2.044654105,0,0.0,0,0.0,2,6.82351,0.990945988136122,0.963593600846065,0.0084295972525757,0.0083939012175464,0.0006244146113019,0.0280124979363881,Individual Death Claims
Can HSBC,2021-22,25,5.8679743,2788,282.2334179,2813,288.1013922,2769,277.7949104,41,7.806481818,0,0.0,0,0.0,3,2.5,0.984358336295769,0.964226199190761,0.0145751866334873,0.0270963002224827,0.0010664770707429,0.0086775005867555,Individual Death Claims
Edelws,2021-22,2,3.0,993,156.8631038,995,159.8631038,976,152.0625879,19,7.800515908,0,0.0,0,0.0,0,-3.37507799486047E-14,0.980904522613065,0.951205026526468,0.0190954773869346,0.0487949734735318,0.0,-2.11123011827229E-16,Individual Death Claims
Exide,2021-22,63,8.7842174,7216,309.8332942,7279,318.6175116,7213,306.8087789,7,0.3208976,0,0.0,0,0.0,59,11.48783508,0.990932820442368,0.962937590529682,0.0009616705591427,0.0010071561929236,0.0081055089984888,0.0360552532773942,Individual Death Claims
Fut Genli,2021-22,8,2.711306,1656,83.9817906,1664,86.6930966,1600,77.67319543,64,9.019901172,0,0.0,0,0.0,0,6.03961325396085E-14,0.961538461538461,0.895955946603604,0.0384615384615384,0.104044053396395,0.0,6.96665996562516E-16,Individual Death Claims
HDFC,2021-22,178,167.2384884,26944,2751.005783,27122,2918.244272,26758,2608.221587,136,107.3566806,188,171.8288223,17,5.65633644,23,25.1808456,0.986579160828847,0.893763970371432,0.0119460216798171,0.0956689971355695,0.0008480200575178,0.0086287655373696,Individual Death Claims
ICICI,2021-22,16,7.823212344,22265,3110.215872,22281,3118.039084,21795,2977.495652,398,112.2536379,0,0.0,8,0.774485620424,80,27.51530815,0.978187693550558,0.954925699161652,0.0178627530182666,0.0360013569108768,0.0035905031192495,0.0088245552448441,Individual Death Claims
Indiafirst,2021-22,15,3.95,4922,245.5762701,4937,249.5262701,4785,227.3087903,143,18.18176921,0,0.0,0,0.0,9,4.035710619,0.969212072108568,0.910961359621683,0.0289649584768077,0.0728651504396848,0.0018229694146242,0.0161734899386319,Individual Death Claims
Industry,2021-22,3055,623.2647983,1605869,47457.27237,1608924,48080.53716,1587110,45817.57287,12609,1099.120391,3900,192.4548327,2727,482.3590349,2549,469.5394371,0.986441870467467,0.952933880890446,0.0102608948589243,0.0268627453049153,0.0015842886301652,0.0097656861764247,Individual Death Claims
Kotak,2021-22,16,7.276997686,7117,606.3103076,7133,613.5873052,7049,586.1454367,60,19.12657497,0,0.0,0,0.0,24,8.315293572,0.988223748773307,0.955276342413823,0.0084116080190663,0.0311717253657374,0.0033646432076265,0.0135519322204391,Individual Death Claims
LIC,2021-22,1725,292.42,1365379,29293.46,1367104,29585.88,1349865,28408.38,8713,347.19,3619,8.5,2625,461.66,2282,360.15,0.987390132718505,0.960200609209528,0.0090205280651654,0.0120222890108389,0.001669221946538,0.0121730365971874,Individual Death Claims
Max,2021-22,1,0.5,31034,2076.813369,31035,2077.313369,30830,2008.943222,205,68.37014699,0,0.0,0,0.0,0,6.80019667242959E-08,0.993394554535202,0.967087225214357,0.0066054454647978,0.0329127747529069,0.0,3.2735536078536E-11,Individual Death Claims
PNB Metlife,2021-22,0,0.0,8586,717.4268525,8586,717.4268525,8357,669.6905083,224,43.20785862,0,0.0,3,2.0284856,2,2.5,0.973328674586536,0.933461726369569,0.0260889820638248,0.060226151935573,0.0002329373398555,0.0034846758124047,Individual Death Claims
PVT.,2021-22,1330,330.8447983,240490,18163.81237,241820,18494.65716,237245,17409.19287,3896,751.9303913,281,183.9548327,102,20.69903487,267,109.3894371,0.98108096931602,0.941309304660712,0.0172731783971549,0.0506030047310878,0.0011041270366388,0.0059146507105256,Individual Death Claims
Pramerica,2021-22,1,0.21,1060,52.82870637,1061,53.03870637,1043,51.34,16,1.5,0,0.0,0,0.0,2,0.198706370524043,0.983034872761545,0.967972326499499,0.0150801131008482,0.0282812327570948,0.001885014137606,0.0037464407434053,Individual Death Claims
Reliance,2021-22,4,1.481905124,13726,359.2811494,13730,360.7630546,13548,344.142903,174,14.48229256,0,0.0,5,1.596379738,3,0.541479262999978,0.986744355426074,0.953930560939052,0.0126729788783685,0.0401435024277127,0.0002184996358339,0.0015009277034863,Individual Death Claims
SBI Life,2021-22,912,101.5405695,54874,2808.604171,55786,2910.14474,54140,2751.527538,1541,127.5756162,0,0.0,69,10.64334747,7,0.907645314360117,0.970494389273294,0.945495081440412,0.0276234180618793,0.0438382374851147,0.0001254795109884,0.0003118900932193,Individual Death Claims
SUD,2021-22,8,1.018412,2943,170.2983507,2951,171.3167627,2875,156.6007523,74,14.31601044,0,0.0,0,0.0,2,0.399999999999987,0.974246018298881,0.914100580679143,0.0250762453405625,0.0835645631531399,0.0006777363605557,0.0023348561677166,Individual Death Claims
Sahara,2021-22,2,0.0237,1164,12.82338195,1166,12.84708195,1132,12.47292594,16,0.313778519,15,0.0005,0,0.0,3,0.0598774920000002,0.970840480274442,0.970876187104039,0.0265866209262435,0.0244630274951688,0.0025728987993138,0.004660785400792,Individual Death Claims
Shriram,2021-22,11,0.98160654,5854,202.1805759,5865,203.1621825,5620,167.3933927,163,23.57823133,78,12.12551044,0,0.0,4,0.0650479999999742,0.958226768968456,0.823939724752578,0.0410912190963341,0.17574009754897,0.0006820119352088,0.0003201776984508,Individual Death Claims
Tata AIA,2021-22,2,4.4,8067,1599.527197,8069,1603.927197,7950,1518.17,117,80.6297974,0,0.0,0,0.0,2,5.127399963,0.985252199776924,0.94653298634266,0.0144999380344528,0.0502702351680061,0.0002478621886231,0.0031967784893331,Individual Death Claims
ABSL,2020-21,19,3.802882696,6455,468.8463574,6474,472.6492401,6347,440.2642879,116,28.74704471,0,0.0,0,0.0,11,3.637907524,0.980383070744516,0.931482060080699,0.0179178251467408,0.0608210958015759,0.0016991041087426,0.007696844117725,Individual Death Claims
Aditya Birla Life,2020-21,19,3.802882696,6455,468.8463574,6474,472.6492401,6347,440.2642879,116,28.74704471,0,0.0,0,0.0,11,3.637907524,0.980383070744516,0.931482060080699,0.0179178251467408,0.0608210958015759,0.0016991041087426,0.007696844117725,Individual Death Claims
Aegon,2020-21,0,0.0,401,107.44,401,107.44,398,105.98,3,1.46,0,0.0,0,0.0,0,-6.21724893790087E-15,0.992518703241895,0.986411020104244,0.0074812967581047,0.0135889798957557,0.0,-5.78671717972903E-17,Individual Death Claims
Ageas,2020-21,5,1.453290337,1800,87.1273657,1805,88.58065604,1716,73.90864701,38,7.7110335,1,0.0485005,0,0.0,50,6.91247547,0.950692520775623,0.834365541160529,0.0216066481994459,0.0875985158286005,0.0277008310249307,0.078035948019864,Individual Death Claims
Ageas Federal,2020-21,5,1.453290337,1800,87.1273657,1805,88.58065604,1716,73.90864701,38,7.7110335,1,0.0485005,0,0.0,50,6.91247547,0.950692520775623,0.834365541160529,0.0216066481994459,0.0875985158286005,0.0277008310249307,0.078035948019864,Individual Death Claims
Aviva,2020-21,5,0.7783592,1050,116.3712508,1055,117.14961,1034,111.5721176,21,5.5774924,0,0.0,0,0.0,0,1.06581410364015E-14,0.980094786729857,0.952390004542055,0.0199052132701421,0.0476099954579447,0.0,9.09788861986096E-17,Individual Death Claims
Baj Alz,2020-21,2,0.650000034999987,14331,445.8863494,14333,446.5363495,14115,410.6768054,213,32.159544,0,0.0,0,0.0,5,3.700000008,0.984790343961487,0.919694009111264,0.0148608107165282,0.072019991300609,0.0003488453219842,0.0082859995881269,Individual Death Claims
Bajaj Allianz,2020-21,2,0.650000034999987,14331,445.8863494,14333,446.5363495,14115,410.6768054,213,32.159544,0,0.0,0,0.0,5,3.700000008,0.984790343961487,0.919694009111264,0.0148608107165282,0.072019991300609,0.0003488453219842,0.0082859995881269,Individual Death Claims
Bharti Axa,2020-21,2,1.1533918,1891,106.4449366,1893,107.5983284,1875,106.0352046,18,1.563123837,0,0.0,0,0.0,0,-6.48370246381091E-14,0.990491283676703,0.985472601112361,0.0095087163232963,0.0145273988876394,0.0,-6.02583939487014E-16,Individual Death Claims
Can HSBC,2020-21,2,2.0,1897,166.5379239,1899,168.5379239,1844,156.0757264,30,6.594223237,0,0.0,0,0.0,25,5.8679743,0.971037388098999,0.926057012884207,0.0157977883096366,0.0391260499927486,0.0131648235913638,0.0348169371230439,Individual Death Claims
Canara HSBC OBC,2020-21,2,2.0,1897,166.5379239,1899,168.5379239,1844,156.0757264,30,6.594223237,0,0.0,0,0.0,25,5.8679743,0.971037388098999,0.926057012884207,0.0157977883096366,0.0391260499927486,0.0131648235913638,0.0348169371230439,Individual Death Claims
Edelweiss Tokio,2020-21,0,0.0,502,52.08913801,502,52.08913801,487,45.82827969,13,3.260858317,0,0.0,0,0.0,2,3,0.97011952191235,0.879804916031665,0.0258964143426294,0.0626015027595346,0.0039840637450199,0.0575935812087998,Individual Death Claims
Edelws,2020-21,0,0.0,502,52.08913801,502,52.08913801,487,45.82827969,13,3.260858317,0,0.0,0,0.0,2,3,0.97011952191235,0.879804916031665,0.0258964143426294,0.0626015027595346,0.0039840637450199,0.0575935812087998,Individual Death Claims
Exide,2020-21,38,9.048578,5014,173.655439,5052,182.704017,4978,170.4301409,11,3.4896587,0,0.0,0,0.0,63,8.7842174,0.98535233570863,0.932820983912855,0.0021773555027711,0.0191000655404972,0.0124703087885985,0.048078950546647,Individual Death Claims
Exide Life,2020-21,38,9.048578,5014,173.655439,5052,182.704017,4978,170.4301409,11,3.4896587,0,0.0,0,0.0,63,8.7842174,0.98535233570863,0.932820983912855,0.0021773555027711,0.0191000655404972,0.0124703087885985,0.048078950546647,Individual Death Claims
Fut Genli,2020-21,3,0.31135,1223,55.47313514,1226,55.78448514,1163,48.11054703,55,4.959686694,0,0.0,0,0.0029454209999999,8,2.711306,0.948613376835236,0.862435978476977,0.0448613376835236,0.0889079944216971,0.0065252854812398,0.0486032270980199,Individual Death Claims
Future Generali,2020-21,3,0.31135,1223,55.47313514,1226,55.78448514,1163,48.11054703,55,4.959686694,0,0.0,0,0.0029454209999999,8,2.711306,0.948613376835236,0.862435978476977,0.0448613376835236,0.0889079944216971,0.0065252854812398,0.0486032270980199,Individual Death Claims
HDFC,2020-21,35,17.57871721,16941,1277.962532,16976,1295.541249,16639,1037.232954,84,39.98181852,58,47.954497,17,3.133491636,178,167.2384883,0.980148444863336,0.800617467281885,0.0083647502356267,0.0678761217129309,0.0104853911404335,0.129087737236181,Individual Death Claims
HDFC Life,2020-21,35,17.57871721,16941,1277.962532,16976,1295.541249,16639,1037.232954,84,39.98181852,58,47.954497,17,3.133491636,178,167.2384883,0.980148444863336,0.800617467281885,0.0083647502356267,0.0678761217129309,0.0104853911404335,0.129087737236181,Individual Death Claims
ICICI,2020-21,95,43.70162686,14734,1643.048773,14829,1686.7504,14518,1504.643618,289,174.1359167,0,0.0,6,0.1476528215914,16,7.823212396,0.979027581091105,0.892036911958812,0.0194888394362398,0.103237513221215,0.0010789668892035,0.0046380379670992,Individual Death Claims
ICICI Prudential,2020-21,95,43.70162686,14734,1643.048773,14829,1686.7504,14518,1504.643618,289,174.1359167,0,0.0,6,0.1476528215914,16,7.823212396,0.979027581091105,0.892036911958812,0.0194888394362398,0.103237513221215,0.0010789668892035,0.0046380379670992,Individual Death Claims
India First,2020-21,9,2.531358599,2972,117.7368023,2981,120.2681609,2886,109.6407561,80,6.674796483,0,0.0,0,0.0,15,3.94860692,0.968131499496813,0.911635758585373,0.0268366320026836,0.0554992812006949,0.0050318685005031,0.0328316895272505,Individual Death Claims
Indiafirst,2020-21,9,2.531358599,2972,117.7368023,2981,120.2681609,2886,109.6407561,80,6.674796483,0,0.0,0,0.0,15,3.94860692,0.968131499496813,0.911635758585373,0.0268366320026836,0.0554992812006949,0.0050318685005031,0.0328316895272505,Individual Death Claims
Industry,2020-21,6194,454.6481498,1095113,27772.64045,1101307,28227.2886,1083623,26421.49944,9527,864.6223682,3032,60.07405739,2070,257.8252836,3055,623.2674533,0.983942715337322,0.936026828938534,0.0114037230309078,0.0327589531734034,0.0027739767385479,0.0220803160393188,Individual Death Claims
Industry Total,2020-21,6194,454.6481498,1095113,27772.64045,1101307,28227.2886,1083623,26421.49944,9527,864.6223682,3032,60.07405739,2070,257.8252836,3055,623.2674533,0.983942715337322,0.936026828938534,0.0114037230309078,0.0327589531734034,0.0027739767385479,0.0220803160393188,Individual Death Claims
Kotak,2020-21,9,12.14220057,4393,301.9995792,4402,314.1417798,4336,299.9150401,50,6.949741988,0,0.0,0,0.0,16,7.276997686,0.985006815084052,0.954712360502083,0.0113584734211721,0.0221229471381451,0.0036347114947751,0.0231646923607229,Individual Death Claims
Kotak Mahindra,2020-21,9,12.14220057,4393,301.9995792,4402,314.1417798,4336,299.9150401,50,6.949741988,0,0.0,0,0.0,16,7.276997686,0.985006815084052,0.954712360502083,0.0113584734211721,0.0221229471381451,0.0036347114947751,0.0231646923607229,Individual Death Claims
LIC,2020-21,5875,349.69,941101,18755.65,946976,19105.34,933889,18295.58,6531,276.93,2934,3.92,1897,236.49,1725,292.42,0.986180219984455,0.957616038238524,0.0099949734734565,0.0147000786167636,0.0018215878755111,0.0153056684675592,Individual Death Claims
Max,2020-21,1,0.01500105,20051,928.0720801,20052,928.0870811,19922,885.5722738,129,42.01480735,0,0.0,0,0.0,1,0.499999999999865,0.993516856173947,0.954190928617718,0.0064332734889287,0.0452703288330413,4.98703371234789E-05,0.0005387425492406,Individual Death Claims
Max Life,2020-21,1,0.01500105,20051,928.0720801,20052,928.0870811,19922,885.5722738,129,42.01480735,0,0.0,0,0.0,1,0.499999999999865,0.993516856173947,0.954190928617718,0.0064332734889287,0.0452703288330413,4.98703371234789E-05,0.0005387425492406,Individual Death Claims
PNB Met Life,2020-21,0,0.0,5315,353.1580018,5315,353.1580018,5218,331.7032234,97,21.45477847,0,0.0,0,0.0,0,4.90274487674469E-13,0.981749764816557,0.939248782805751,0.018250235183443,0.0607512171942473,0.0,1.38825818793668E-15,Individual Death Claims
PNB Metlife,2020-21,0,0.0,5315,353.1580018,5315,353.1580018,5218,331.7032234,97,21.45477847,0,0.0,0,0.0,0,4.90274487674469E-13,0.981749764816557,0.939248782805751,0.018250235183443,0.0607512171942473,0.0,1.38825818793668E-15,Individual Death Claims
PVT.,2020-21,319,104.9581498,154012,9016.990454,154331,9121.948604,149734,8125.919442,2996,587.6923682,98,56.15405739,173,21.33528357,1330,330.8474533,0.970213372556388,0.890809605963131,0.0200478192974839,0.0705821150208721,0.008617840874484,0.036269383622825,Individual Death Claims
Pramerica,2020-21,2,0.221507992300001,645,29.28606845,647,29.50757644,638,28.62523642,8,0.673790559,0,0.0,0,0.0,1,0.208549466046872,0.986089644513137,0.97009784836753,0.0123647604327666,0.0228344933832897,0.0015455950540958,0.0070676582491799,Individual Death Claims
Pramerica Life,2020-21,2,0.221507992300001,645,29.28606845,647,29.50757644,638,28.62523642,8,0.673790559,0,0.0,0,0.0,1,0.208549466046872,0.986089644513137,0.97009784836753,0.0123647604327666,0.0228344933832897,0.0015455950540958,0.0070676582491799,Individual Death Claims
Private Total,2020-21,319,104.9581498,154012,9016.990454,154331,9121.948604,149734,8125.919442,2996,587.6923682,98,56.15405739,173,21.33528357,1330,330.8474533,0.970213372556388,0.890809605963131,0.0200478192974839,0.0705821150208721,0.008617840874484,0.036269383622825,Individual Death Claims
Reliance,2020-21,2,0.571959388099997,9414,215.4215833,9416,215.9935427,9274,205.2617372,138,9.248403224,0,0.0,0,0.0,4,1.483402232,0.984919286321155,0.95031423012242,0.0146559048428207,0.0428179616377164,0.0004248088360237,0.0068678082398626,Individual Death Claims
Reliance Nippon,2020-21,2,0.571959388099997,9414,215.4215833,9416,215.9935427,9274,205.2617372,138,9.248403224,0,0.0,0,0.0,4,1.483402232,0.984919286321155,0.95031423012242,0.0146559048428207,0.0428179616377164,0.0004248088360237,0.0068678082398626,Individual Death Claims
SBI Life,2020-21,36,7.776073142,34183,1614.551157,34219,1622.32723,31855,1398.775249,1302,103.9602179,0,0.0,150,18.05119369,912,101.5405695,0.930915573219556,0.862202903926067,0.0380490370846605,0.0640809178425963,0.0266518600777345,0.0625894503092346,Individual Death Claims
SUD,2020-21,3,0.721065,1632,77.40495872,1635,78.12602372,1569,72.49412761,58,4.613484112,0,0.0,0,0.0,8,1.018412,0.959633027522935,0.927912674368264,0.0354740061162079,0.0590518228434568,0.0048929663608562,0.013035502788279,Individual Death Claims
Sahara,2020-21,46,0.579634133,839,8.677096441,885,9.256730574,860,9.022812241,16,0.210218333,7,0.0,0,0.0,2,0.0237,0.971751412429378,0.974729918827169,0.0259887005649717,0.0227097819602154,0.0022598870056497,0.0025602992126148,Individual Death Claims
Sahara Life,2020-21,46,0.579634133,839,8.677096441,885,9.256730574,860,9.022812241,16,0.210218333,7,0.0,0,0.0,2,0.0237,0.0,0.0,0.0,0.0,0.0,0.0,Individual Death Claims
Shriram,2020-21,5,0.1194441,3681,123.5456093,3686,123.6650534,3506,95.81065787,137,18.72172912,32,8.151059898,0,0.0,11,0.981606539999994,0.9511665762344,0.774759361809159,0.045849158979924,0.21730301545215,0.0029842647856755,0.0079376227386902,Individual Death Claims
Star Union,2020-21,3,0.721065,1632,77.40495872,1635,78.12602372,1569,72.49412761,58,4.613484112,0,0.0,0,0.0,8,1.018412,0.959633027522935,0.927912674368264,0.0354740061162079,0.0590518228434568,0.0048929663608562,0.013035502788279,Individual Death Claims
Tata AIA,2020-21,0,0.0,4648,546.33,4648,546.33,4556,478.4,90,63.53,0,0.0,0,0.0,2,4.4,0.980206540447504,0.875661230391887,0.0193631669535284,0.116285029194809,0.0004302925989672,0.0080537404133032,Individual Death Claims
Aditya Birla Life,2019-20,24,9.794492518,5138,361.26,5162,371.0531128,5035,342.8938049,108,24.35642514,0,0.0,0,0.0,19,3.802882696,0.975397132894227,0.924109765230614,0.0209221232080588,0.0656413443397785,0.003680743897714,0.0102488904296069,Individual Death Claims
Aegon,2019-20,0,0.0,351,69.0,351,68.99931693,344,64.60145992,7,4.397857012,0,0.0,0,0.0,0,3.5527136788005E-15,0.98005698005698,0.936262310883357,0.0199430199430199,0.0637376891166427,0.0,5.14891137574417E-17,Individual Death Claims
Ageas Federal,2019-20,8,1.53,1408,69.35,1416,70.87623766,1366,63.27384966,45,6.347388,0,0.0,0,0.0,5,1.255,0.964689265536723,0.892737139392314,0.0317796610169491,0.0895559387719998,0.0035310734463276,0.0177069218356858,Individual Death Claims
Aviva,2019-20,2,0.3,808,83.03,810,83.3319575,790,80.7791613,11,0.968207,4,0.80623,0,0.0,5,0.778359200000003,0.975308641975308,0.969365939831666,0.0185185185185185,0.0212935955572626,0.0061728395061728,0.0093404646110707,Individual Death Claims
Bajaj Allianz,2019-20,3,0.33,12124,331.82,12127,332.1501742,11887,310.7144676,237,20.78070663,0,0.0,1,0.005,2,0.650000034450068,0.98020944998763,0.935463810271912,0.0195431681372144,0.0625641900565675,0.000164921250103,0.0019569462397044,Individual Death Claims
Bharti Axa,2019-20,7,1.02,1313,63.27,1320,64.28988819,1285,61.55887995,33,1.577616448,0,0.0,0,0.0,2,1.153391801,0.973484848484848,0.957520407552134,0.025,0.0245391070402769,0.0015151515151515,0.0179404854075883,Individual Death Claims
Canara HSBC OBC,2019-20,1,0.75,1275,114.52,1276,115.2718824,1252,106.5297487,22,3.705251902,0,3.036881822,0,0.0,2,2,0.981191222570532,0.924160744664753,0.0172413793103448,0.0584889704438032,0.0015673981191222,0.0173502848914432,Individual Death Claims
Edelweiss Tokio,2019-20,0,0.0,326,32.86,326,32.85602985,272,21.79886152,54,11.05716833,0,0.0,0,0.0,0,-7.105427357601E-15,0.834355828220858,0.663466085902798,0.165644171779141,0.336533914097201,0.0,-2.16259462599128E-16,Individual Death Claims
Exide Life,2019-20,0,0.0,3468,101.16,3468,101.1578799,3404,88.95413609,26,3.1551658,0,0.0,0,0.0,38,9.048578,0.98154555940023,0.879359434843133,0.0074971164936562,0.0311905093644801,0.010957324106113,0.0894500557923864,Individual Death Claims
Future Generali,2019-20,8,0.91,1135,48.92,1143,49.82760265,1089,44.89685704,51,4.619395618,0,0.0,0,0.0,3,0.311349999999918,0.952755905511811,0.901043892233011,0.0446194225721784,0.0927075631167089,0.0026246719160104,0.0062485446502797,Individual Death Claims
HDFC Life,2019-20,34,10.19,12592,692.26,12626,702.4512081,12509,650.3288565,54,25.46449135,15,7.1578743,13,1.921268793,35,17.5787172,0.99073340725487,0.925799328054326,0.0054649136702043,0.0464407567054086,0.0027720576587993,0.0250248230790237,Individual Death Claims
ICICI Prudential,2019-20,21,15.37,11439,1101.64,11460,1117.011566,11212,1023.635988,153,49.49206661,0,0.0,0,0.1818841364453,95,43.70162686,0.978359511343804,0.916405899016852,0.0133507853403141,0.0443075686402578,0.0082897033158813,0.0391237013194155,Individual Death Claims
India First,2019-20,9,1.55,2232,77.41,2241,78.95223491,2166,70.17068835,66,6.250187959,0,0.0,0,0.0,9,2.5313586,0.966532797858099,0.888773933142277,0.0294511378848728,0.0791641676247326,0.0040160642570281,0.03206189923299,Individual Death Claims
Industry Total,2019-20,1017,191.88,873832,19227.82,874849,19419.70832,846476,18042.23955,8927,555.0953783,2262,20.39784743,10990,347.3241925,6194,454.6513497,0.967568117469414,0.929068514037388,0.0127896356971317,0.029634493800037,0.007080078962198,0.0234118526537815,Individual Death Claims
Kotak Mahindra,2019-20,12,4.08,3334,188.79,3346,192.8683286,3225,170.1421471,112,10.58398084,0,0.0,0,0.0,9,12.14220057,0.963837417812313,0.882167375103684,0.0334728033472803,0.0548767178276332,0.0026897788404064,0.0629559070686824,Individual Death Claims
LIC,2019-20,791,135.92,758125,13558.42,758916,13694.34,733809,12797.85,6124,205.02,2172,2.08,10936,339.7,5875,349.69,0.966917287288711,0.934535727899263,0.0109313810751123,0.0151230362324872,0.0077413047030237,0.0255353671662889,Individual Death Claims
Max Life,2019-20,3,1.6,15460,593.84,15463,595.4315627,15342,562.5368312,120,32.8797305,0,0.0,0,0.0,1,0.0150010499999169,0.992174869042229,0.944754807081311,0.0077604604539869,0.055219999343241,6.46705037832244E-05,2.51935754474193E-05,Individual Death Claims
PNB Met Life,2019-20,0,0.0,4364,269.56,4364,269.5552071,4241,235.1100521,123,34.44515493,0,0.0,0,0.0,0,4.9737991503207E-14,0.971814848762603,0.872214841243244,0.0281851512373968,0.127785158756755,0.0,1.84518756085284E-16,Individual Death Claims
Pramerica Life,2019-20,2,0.3,569,23.43,569,23.4331678,560,22.4440569,7,0.767602899,0,0.0,0,0.0,2,0.221507992300001,0.984182776801406,0.957790133201778,0.0123022847100175,0.0327571118725978,0.0035149384885764,0.0094527549256242,Individual Death Claims
Private Total,2019-20,226,55.96,115707,5669.4,115933,5725.368319,112667,5244.389551,2803,350.0753783,90,18.31784743,54,7.624192499,319,104.9613497,0.97182855614881,0.915991646085727,0.0249540682980687,0.0643440221249255,0.0027515892800151,0.0183326807803091,Individual Death Claims
Reliance Nippon,2019-20,4,0.91,8013,166.13,8017,167.0314224,7866,157.0319539,149,9.427509072,0,0.0,0,0.0,2,0.571959352199932,0.981165024323313,0.940134207782922,0.0185855058001746,0.0564415302180552,0.0002494698765124,0.0034242619990227,Individual Death Claims
SBI Life,2019-20,28,4.63,22462,898.75,22490,903.3793899,21257,810.713769,1157,79.37350822,0,0.0,40,5.516039569,36,7.776073142,0.94517563361494,0.897423361689813,0.0514450867052023,0.0878628725771962,0.001600711427301,0.0086077601823179,Individual Death Claims
Sahara Life,2019-20,16,0.24,638,5.97,654,6.212799547,585,5.444943747,10,0.183196666999999,13,0.001825,0,0.0,46,0.582834132999999,0.0,0.0,0.0,0.0,0.0,0.0938118361281163,Individual Death Claims
Shriram,2019-20,39,2.16,3035,91.82,3074,93.97626589,2816,77.88496418,195,8.656821294,58,7.315036312,0,0.0,5,0.119444100000009,0.916070266753415,0.828772706027338,0.0823031880286272,0.169956291141586,0.001626545217957,0.0012710028310746,Individual Death Claims
Star Union,2019-20,5,0.33,1243,52.96,1248,53.29108413,1210,50.47407303,35,2.0959461,0,0.0,0,0.0,3,0.721064999999995,0.969551282051282,0.947139166971461,0.0280448717948717,0.039330145638729,0.0024038461538461,0.0135306873898092,Individual Death Claims
Tata AIA,2019-20,0,0.0,2982,231.96,2982,231.96,2954,222.47,28,9.49,0,0.0,0,0.0,0,-1.95399252334027E-14,0.990610328638497,0.959087773754095,0.0093896713615023,0.0409122262459044,0.0,-8.42383395128589E-17,Individual Death Claims
Aditya Birla Life,2018-19,45,9.754135822,5215,297.1453456,5260,306.8994814,5110,276.4391018,126,20.66588713,0,0.0,0,0.0,24,9.794492518,0.97148288973384,0.900748025047745,0.0239543726235741,0.067337641073529,0.0045627376425855,0.0319143338787251,Individual Death Claims
Aegon,2018-19,0,0.0,507,79.17759342,507,79.17759342,489,75.68886762,18,3.488725797,0,0.0,0,0.0,0,1.15463194561016E-14,0.964497041420118,0.95593796619844,0.0355029585798816,0.0440620338015595,0.0,1.45828118257867E-16,Individual Death Claims
Ageas Federal,2018-19,6,0.220897,1300,56.9290246,1306,57.1499216,1251,53.0184596,47,2.606351,0,0.0,0,0.0,8,1.525111,0.957886676875957,0.927708352266133,0.0359877488514548,0.0456055043862951,0.006125574272588,0.0266861433475717,Individual Death Claims
Aviva,2018-19,8,1.3685121,930,91.919818,938,93.2883301,901,88.6746884,20,2.3993049,15,1.9159368,0,0.0,2,0.298400000000016,0.960554371002132,0.950544278206562,0.0373134328358208,0.0462570366022662,0.0021321961620469,0.0031986851911717,Individual Death Claims
Bajaj Allianz,2018-19,250,31.45993303,12517,359.0288447,12767,390.4887777,12130,349.0155202,445,33.98902305,153,3.053149763,36,4.103684679,3,0.32740003176917,0.950105741364455,0.893791422724121,0.0468395081068379,0.0948610432019361,0.0002349808099005,0.0008384364684523,Individual Death Claims
Bharti Axa,2018-19,7,0.745815,1058,48.41218242,1065,49.15799742,1036,46.99321749,22,1.147833328,0,0.0,0,0.0,7,1.016946601,0.972769953051643,0.955962812914104,0.0206572769953051,0.0233498797413151,0.0065727699530516,0.0206873073445805,Individual Death Claims
Canara HSBC OBC,2018-19,2,0.62,1004,82.80127982,1006,83.42127982,946,74.08531688,59,8.539316137,0,0.0466468,0,0.0,1,0.749999999999974,0.940357852882703,0.88808655348381,0.0586481113320079,0.102922934722864,0.0009940357852882,0.0089905117933245,Individual Death Claims
Edelweiss Tokio,2018-19,0,0.0,239,14.21151745,239,14.21151745,229,13.41833992,10,0.79317753299,0,0.0,0,0.0,0,-1.22124532708767E-15,0.958158995815899,0.94418769594423,0.0418410041841004,0.0558123040557694,0.0,-8.59334924240272E-17,Individual Death Claims
Exide Life,2018-19,5,0.815457520999991,3330,84.19840213,3335,85.01385966,3236,76.06841096,99,8.9454487,0,0.0,0,0.0,0,4.16363832300703E-10,0.97031484257871,0.894776584234462,0.0296851574212893,0.10522341576064,0.0,4.89759945008352E-12,Individual Death Claims
Future Generali,2018-19,19,2.140372306,1138,38.17333756,1157,40.31370987,1101,35.17339376,48,4.28674823,0,0.0,0,0.0,8,0.853567872000014,0.951598962834917,0.872492109527662,0.041486603284356,0.106334749254166,0.006914433880726,0.0211731412181708,Individual Death Claims
HDFC Life,2018-19,65,10.02381883,12881,617.6936444,12946,627.7174632,12822,577.2959979,67,33.49201301,23,6.743007756,0,0.0,34,10.18644452,0.990421751892476,0.919674904329043,0.0069519542715896,0.0640973417610319,0.0026262938359338,0.0162277539099248,Individual Death Claims
ICICI Prudential,2018-19,27,13.46009352,10799,880.4748515,10826,893.934945,10672,826.6589214,128,51.58215873,0,0.0,5,0.3251068724373,21,15.36875805,0.985774986144467,0.924741700701005,0.0118233881396637,0.057702363034274,0.0019397746166635,0.0171922555805213,Individual Death Claims
India First,2018-19,3,3.58543921,2239,86.25039308,2242,89.83583229,2081,74.9496178,144,13.09663515,8,0.243645743,0,0.0,9,1.5459336,0.928189116859946,0.834295357314154,0.0677966101694915,0.148496213035975,0.0040142729705619,0.0172084296498701,Individual Death Claims
Industry Total,2018-19,1250,188.4253412,861987,18235.09258,863237,18423.51792,842847,17365.29858,6372,539.1414176,3697,25.18245502,9304,302.0728049,1017,191.8226572,0.97637960374729,0.942561494527271,0.0116642358935031,0.0306306252239431,0.0011781237365868,0.0104118365458444,Individual Death Claims
Kotak Mahindra,2018-19,18,2.69668752,3020,145.7202851,3038,148.4169726,2959,136.7683423,67,7.571781244,0,0.0,0,0.0,12,4.0768491,0.973996050032916,0.92151416283395,0.0220539828834759,0.0510169498235795,0.0039499670836076,0.0274688873424703,Individual Death Claims
LIC,2018-19,569,90.28,750381,13412.92,750950,13503.2,734328,12871.92,3199,193.07,3442,8.47,9190,293.82,791,135.92,0.977865370530661,0.953249600094792,0.0088434649444037,0.0149253510279044,0.0010533324455689,0.0100657621897032,Individual Death Claims
Max Life,2018-19,2,1.017864792,15085,478.4381323,15087,479.4559971,14897,452.2481335,187,25.61160819,0,0.0,0,0.0,3,1.596255344,0.9874063763505,0.943252636955245,0.0123947769602969,0.0534180578452408,0.0001988466892026,0.0033293051995139,Individual Death Claims
PNB Met Life,2018-19,8,4.10787137,4162,223.4473193,4170,227.5551907,4012,203.9453437,157,23.58698699,0,0.0,1,0.02286,0,1.18675902438525E-13,0.962110311750599,0.896245623243466,0.0376498800959232,0.103653917611085,0.0,5.21525798081837E-16,Individual Death Claims
Pramerica Life,2018-19,7,1.7315522,649,27.999386,656,29.7309382,635,26.16,19,3.272937553,0,0.0,0,0.0,2,0.298000646999996,0.967987804878048,0.879891506417379,0.0289634146341463,0.110085242886818,0.0030487804878048,0.010023250695802,Individual Death Claims
Private Total,2018-19,681,98.14534118,111606,4822.172577,112287,4920.317918,108519,4493.378583,3173,346.0714176,255,16.71245502,114,8.252804946,226,55.90265716,0.966443132330545,0.913229319349899,0.0305289125188133,0.0737317951194556,0.0020126996001318,0.0113615945337874,Individual Death Claims
Reliance Nippon,2018-19,4,1.098809985,8367,163.8664054,8371,164.9652153,8179,154.4670601,188,9.591746185,0,0.0,0,0.0,4,0.906409052200024,0.977063672201648,0.936361400703584,0.0224584876358857,0.0581440527624485,0.0004778401624656,0.0054945465339666,Individual Death Claims
SBI Life,2018-19,72,5.63375731,19830,758.0965199,19902,763.7302772,18913,688.9286379,889,66.36642846,0,0.0,72,3.801153394,28,4.634057436,0.950306501859109,0.902057517524726,0.0446688774997487,0.0868977313610556,0.0014068937795196,0.0060676623337375,Individual Death Claims
Sahara Life,2018-19,59,0.478455995,622,5.406160159,681,5.884616154,614,5.171924929,39,0.473281225,12,0.00261,0,0.0,16,0.236799999999999,0.0,0.0,0.0,0.0,0.0,0.0402405176145664,Individual Death Claims
Shriram,2018-19,62,5.0560291,2768,82.8641142,2830,87.9201433,2414,66.0817737,334,15.0061131,43,4.6754245,0,0.0,39,2.156832,0.853003533568904,0.751611305665376,0.13321554770318,0.223856978176695,0.0137809187279151,0.0245317161579285,Individual Death Claims
Star Union,2018-19,12,2.129838563,1246,49.19801983,1258,51.32785839,1217,47.25751334,35,3.707912,1,0.032033656,0,0.0,5,0.330399393999964,0.967408585055644,0.920699106146348,0.0286168521462639,0.0728638554819535,0.0039745627980922,0.0064370383716983,Individual Death Claims
Tata AIA,2018-19,0,0.0,2700,150.72,2700,150.72,2675,144.87,25,5.85,0,0.0,0,0.0,0,-6.21724893790087E-15,0.99074074074074,0.961186305732484,0.0092592592592592,0.0388136942675159,0.0,-4.12503246941406E-17,Individual Death Claims
Aditya Birla Life,2017-18,48,4.331115661,5443,269.8342132,5491,274.1653289,5292,248.155022,154,16.25617111,0,0.0,45,9.754135822,24,9.794492518,0.963758878164268,0.905129116679606,0.0280458932799125,0.0592933146272667,0.0043707885631032,0.0357247670859463,Individual Death Claims
Aegon,2017-18,0,0.0,554,52.00041506,554,52.00041506,530,49.17115758,24,2.829257479,0,0.0,0,-4.35207425653061E-14,0,1.15463194561016E-14,0.95667870036101,0.945591636609207,0.0433212996389891,0.0544083633907937,0.0,2.22042832600662E-16,Individual Death Claims
Ageas Federal,2017-18,7,0.4652075,1154,50.04223794,1161,50.50744544,1068,45.14874104,87,5.1378074,0,0.0,6,0.220897,8,1.525111,0.919896640826873,0.893902683979968,0.0749354005167958,0.101723762812492,0.0068906115417743,0.0301957659266718,Individual Death Claims
Aviva,2017-18,7,2.782993,1111,103.1105406,1118,105.8935336,1056,97.6827587,54,6.8422628,0,0.0,8,1.3685121,2,0.298400000000016,0.944543828264758,0.922461980246922,0.0483005366726296,0.0646145479085231,0.0017889087656529,0.0028179246631544,Individual Death Claims
Bajaj Allianz,2017-18,63,5.529523901,14252,365.6906648,14315,371.2201887,13176,311.5880202,829,27.25281893,60,0.919416505,250,31.45993304,3,0.32740003176917,0.920433112120153,0.839361731161032,0.0621026894865525,0.075890903282063,0.0002095703807195,0.0008819564283501,Individual Death Claims
Bharti Axa,2017-18,34,3.730190089,854,40.38301657,888,44.11320666,860,42.47502419,21,0.892367636,0,0.0,7,0.745814830009993,7,1.016946601,0.968468468468468,0.962864126411139,0.0236486486486486,0.0202290357837854,0.0078828828828828,0.0230531098976649,Individual Death Claims
Canara HSBC OBC,2017-18,1,0.0875,836,53.2932301,837,53.3807301,797,49.12711451,38,3.633615585,0,0.0,2,0.619999999999992,1,0.749999999999974,0.95221027479092,0.920315522523759,0.045400238948626,0.0680697993164443,0.001194743130227,0.014050013902979,Individual Death Claims
Edelweiss Tokio,2017-18,0,0.0,189,11.57,189,11.57,180,11.3136293,9,0.26,0,0.0,0,-0.0036292949999998,0,-1.22124532708767E-15,0.952380952380952,0.977841771391529,0.0476190476190476,0.0224719101123595,0.0,-1.05552750828666E-16,Individual Death Claims
Exide Life,2017-18,0,0.0,3357,86.21481796,3357,86.21481796,3250,77.25667773,102,8.142682707,0,0.0,5,0.815457520999991,0,4.16363832300703E-10,0.968126303246946,0.896095120998018,0.0303842716711349,0.0944464408781933,0.0,4.82937669146812E-12,Individual Death Claims
Future Generali,2017-18,17,0.98,1274,39.34057842,1291,40.32057842,1202,34.17678147,69,4.144822346,1,0.01604772,19,1.982926892,8,0.853567872000014,0.931061192873741,0.84762626931486,0.0542215336948102,0.103194701775908,0.0061967467079783,0.0211695344001011,Individual Death Claims
HDFC Life,2017-18,59,15.60719469,12507,529.0889668,12566,544.6961615,12289,482.7785664,208,46.7800114,0,0.0,69,15.13758364,34,10.18644452,0.97795639025943,0.886326360609177,0.0165526022600668,0.0858827631048089,0.0027057138309724,0.0187011498124536,Individual Death Claims
ICICI Prudential,2017-18,36,10.16143535,11423,766.8395652,11459,777.0010005,11216,715.1105264,203,43.23329617,13,5.18584382,27,13.47133416,21,15.36875805,0.978793961078628,0.920346982687705,0.0188498123745527,0.0623154152348408,0.0018326206475259,0.0197795859161621,Individual Death Claims
India First,2017-18,29,2.1,1781,55.52034919,1810,57.62034919,1626,45.97,181,8.06,0,0.0,3,3.590349192,9,1.5459336,0.898342541436464,0.797808424360997,0.1,0.139881137706104,0.0049723756906077,0.0268296464995154,Individual Death Claims
Industry Total,2017-18,4145,307.8108617,843841,15405.57792,847986,15713.38878,828314,14623.81826,9286,532.2121866,9132,363.9760667,1254,193.382264,1017,191.8226572,0.976801503798411,0.930659736580726,0.0217196982025646,0.0570334168996509,0.0011993122527966,0.0122075931442556,Individual Death Claims
Kotak Mahindra,2017-18,19,2.402036893,3055,132.0505803,3074,134.4526172,2881,119.4973778,175,12.25855187,0,0.0,18,2.69668752,12,4.0768491,0.937215354586857,0.888769443870575,0.056929082628497,0.0911737690185388,0.0039037085230969,0.0303218277517955,Individual Death Claims
LIC,2017-18,3203,195.06,735879,11184.34,739082,11379.4,724596,10747.53,4958,194.725,8959,346.86,569,90.285,791,135.92,0.980400009741814,0.944472467792678,0.0188301162793844,0.0475934583545705,0.0010702466032185,0.0119443907411639,Individual Death Claims
Max Life,2017-18,3,0.146875372,10329,370.8480363,10332,370.9949116,10152,353.3935972,178,16.58344963,0,0.0,2,1.017864783,3,1.596255344,0.982578397212543,0.952556453295202,0.0172280294231513,0.0446999382317387,0.0002903600464576,0.0043026340630957,Individual Death Claims
PNB Met Life,2017-18,108,16.42803939,3981,201.5378022,4089,217.9658416,3726,179.6020096,329,33.02302729,26,1.232933353,8,4.10787137,0,1.18675902438525E-13,0.911225238444607,0.823991540465705,0.0868182929811689,0.157162059841242,0.0,5.44470186584772E-16,Individual Death Claims
Pramerica Life,2017-18,6,0.6964289,586,25.81449332,592,26.51092222,572,23.50878378,13,1.294086281,0,0.0,7,1.708052161,2,0.298000646999996,0.966216216216216,0.886758430458058,0.0219594594594594,0.0488133257000707,0.0033783783783783,0.011240674485477,Individual Death Claims
Private Total,2017-18,942,112.7508617,107962,4221.23792,108904,4333.988781,103718,3876.288264,4328,337.4871866,173,17.11606665,685,103.097264,226,55.90265716,0.952380077866745,0.894392777555535,0.0413299786968339,0.0818191442478876,0.00207522221406,0.0128986621748321,Individual Death Claims
Reliance Nippon,2017-18,35,4.755960917,8952,168.9065087,8987,173.6624696,8553,149.536253,403,22.32471666,27,0.704121191756816,4,1.097378795,4,0.906409052200024,0.951708022699454,0.861074089905511,0.0478468899521531,0.132606877562977,0.0004450873483921,0.0052193721194997,Individual Death Claims
SBI Life,2017-18,132,25.1926026,18753,615.5885849,18885,640.7811875,18274,590.3271668,496,35.900592,43,8.919671411,72,5.63375731,28,4.634057436,0.967646280116494,0.921261701017464,0.0285411702409319,0.0699462847660059,0.0014826581943341,0.0072318874630379,Individual Death Claims
Sahara Life,2017-18,26,0.376145833,646,6.242127808,672,6.618273641,556,5.405455313,57,0.734362333,0,0.0,59,0.478455995,16,0.236799999999999,0.0,0.0,0.0,0.0,0.0,0.0357797233606405,Individual Death Claims
Shriram,2017-18,293,14.2801582,2853,87.47193482,3146,101.752093,2524,69.79938264,560,26.89322348,0,0.0,62,5.059486907,39,2.156832,0.802288620470438,0.685974907883167,0.17800381436745,0.264301427897406,0.012396694214876,0.021196930067619,Individual Death Claims
Star Union,2017-18,19,2.697453422,1222,49.59474008,1241,52.2921935,1145,43.42067601,81,6.603484833,3,0.138032653,12,2.13,5,0.330399393999964,0.922643029814665,0.83034719156917,0.0676873489121676,0.128920151078539,0.0040290088638195,0.0063183311292041,Individual Death Claims
Tata AIA,2017-18,0,0.0,2850,140.2545155,2850,140.2545155,2793,131.8435425,57,8.4065787,0,0.0,0,0.0043942999999835,0,-6.21724893790087E-15,0.98,0.940030643788436,0.02,0.0599380253129867,0.0,-4.43283335011236E-17,Individual Death Claims
</pre></body></html>Xtext/csvP_`https://storage.googleapis.com/kagglesdsdata/datasets/9341935/14625119/cleaned_individual_death_claims.csv?X-Goog-Algorithm=GOOG4-RSA-SHA256&X-Goog-Credential=gcp-kaggle-com%40kaggle-161607.iam.gserviceaccount.com%2F20260130%2Fauto%2Fstorage%2Fgoog4_request&X-Goog-Date=20260130T175708Z&X-Goog-Expires=259200&X-Goog-SignedHeaders=host&X-Goog-Signature=10ad6e17df009326d1a357bbb29ded1ce6fd78d1287634fec4999c5ab598f0f1b04326d3d11a5f18d0df94a22ad6a55a66de43de9adbff65df8b79287fda67446913a2a154352c6d47ae2ec0d5ca0c8d3e1fffaa06a5f1d9f10bea0fa94f9d4cacfdb29b48a52d689f725fa4c138e7993b4b43d7682d3326cb2fe5a434207901cb216652f61e1f159c18b3a94cf2ef25c78e0dcc4bb8a4b4210e1a89cf22fbb9d76e6516c27c6237ab59469f266ff6f5499250feadbc9b37eebc1f00ab1a566b725eb5073cd9d024602962a2a1db3e3df8651645c71811015d669197b2d3268f1b16da94712bf3857b3f3ec092415d1bf192a1579404152b69d4747b637d750eUUTF-8    ( : P g v ��������             ,,,,,,,,,,,,,,,,,,,,,,,,
              �,,,,,,,,,,,,,,,,,,,,,,,,
